<?xml version="1.0" encoding="UTF-8"?>
<beans xmlns="http://www.springframework.org/schema/beans"
	xmlns:xsi="http://www.w3.org/2001/XMLSchema-instance"
	xmlns:aop="http://www.springframework.org/schema/aop"
	xsi:schemaLocation="http://www.springframework.org/schema/beans 
			http://www.springframework.org/schema/beans/spring-beans-3.1.xsd
			http://www.springframework.org/schema/aop  
            http://www.springframework.org/schema/aop/spring-aop-3.1.xsd">
   
   <bean class="org.springframework.beans.factory.config.CustomEditorConfigurer">
		<property name="customEditors">
			<map>
				<entry key="java.net.SocketAddress">
					<bean class="org.apache.mina.integration.beans.InetSocketAddressEditor" />
				</entry>
			</map>
		</property>
	</bean>
	<!-- The IoHandler implementation -->
	<bean id="minaHandler" class="com.missian.server.handler.MissianHandler">
		<constructor-arg>
			<bean class="com.missian.common.beanlocate.SpringLocator" />
		</constructor-arg>
		<constructor-arg>
			<bean class="com.missian.common.exceptionhandler.DefaultExceptionHandler" />
		</constructor-arg>
	</bean>

	<!-- the IoFilters -->
	<bean id="executorFilter" class="org.apache.mina.filter.executor.ExecutorFilter">
		<constructor-arg index="0" value="500"/>
	</bean>
	<bean id="codecFilter" class="org.apache.mina.filter.codec.ProtocolCodecFilter">
		<constructor-arg>
			<bean class="com.missian.server.codec.MissianCodecFactory" />
		</constructor-arg>
	</bean>
	<bean id="loggingFilter" class="org.apache.mina.filter.logging.LoggingFilter">
		<property name="messageReceivedLogLevel" value="DEBUG"/>
		<property name="messageSentLogLevel" value="DEBUG"/>
		<property name="sessionCreatedLogLevel" value="DEBUG"/>
		<property name="sessionClosedLogLevel" value="DEBUG"/>
		<property name="sessionIdleLogLevel" value="DEBUG"/>
		<property name="sessionOpenedLogLevel" value="DEBUG"/>
	</bean>
	<!-- The non-SSL filter chain. -->
	<bean id="filterChainBuilder"
		class="org.apache.mina.core.filterchain.DefaultIoFilterChainBuilder">
		<property name="filters">
			<map>
				<entry key="codecFilter" value-ref="codecFilter" />
				<entry key="executor" value-ref="executorFilter" />
				<entry key="loggingFilter" value-ref="loggingFilter" />
			</map>
		</property>
	</bean>
	
	<bean id="minaAcceptor" class="org.apache.mina.transport.socket.nio.NioSocketAcceptor"
		destroy-method="unbind">
		<property name="defaultLocalAddress" value=":18000" />
		<property name="handler" ref="minaHandler" />
		<property name="reuseAddress" value="true" />
		<property name="filterChainBuilder" ref="filterChainBuilder" />
	</bean>
</beans>
