<?xml version="1.0" encoding="UTF-8"?>
<beans xmlns="http://www.springframework.org/schema/beans"
	xmlns:xsi="http://www.w3.org/2001/XMLSchema-instance" xmlns:context="http://www.springframework.org/schema/context"
	xmlns:mongo="http://www.springframework.org/schema/data/mongo"
	xsi:schemaLocation="http://www.springframework.org/schema/context
          http://www.springframework.org/schema/context/spring-context-3.1.xsd
          http://www.springframework.org/schema/data/mongo
          http://www.springframework.org/schema/data/mongo/spring-mongo-1.0.xsd
          http://www.springframework.org/schema/beans
          http://www.springframework.org/schema/beans/spring-beans-3.1.xsd">
               

	<bean id="redisUtil" class="com.wenwo.message.utils.RedisUtil">
		<property name="jedisPool" ref="jedisPool"></property>
		<property name="gson" ref="gson"></property>
	</bean>
	
		
	<bean id="jedisPool" class="redis.clients.jedis.JedisPool">
		<constructor-arg index="0" ref="jedisPoolConfig" />
		<constructor-arg index="1" value="${redisCacheHost7}" />
	</bean>
	
	<!-- redis 配置 begin ====================== -->
	
	<bean id="jedisPoolConfig" class="redis.clients.jedis.JedisPoolConfig">
		<property name="maxTotal" value="50" />
		<property name="maxIdle" value="5" />
		<property name="maxWaitMillis" value="2000" />
		<property name="testOnBorrow" value="false" />
	</bean>

	<bean id="jedis.shardInfo1" class="redis.clients.jedis.JedisShardInfo">
		<constructor-arg index="0" value="${redisCacheHost1}" />
		<constructor-arg index="1" value="${redisCachePort}" />
		<constructor-arg index="2" value="${redisTimeout}" />
		<constructor-arg index="3" value="${redisCacheName1}" />
	</bean>

	<bean id="jedis.shardInfo2" class="redis.clients.jedis.JedisShardInfo">
		<constructor-arg index="0" value="${redisCacheHost2}" />
		<constructor-arg index="1" value="${redisCachePort}" />
		<constructor-arg index="2" value="${redisTimeout}" />
		<constructor-arg index="3" value="${redisCacheName2}" />
	</bean>
	
	<bean id="jedis.shardInfo3" class="redis.clients.jedis.JedisShardInfo">
		<constructor-arg index="0" value="${redisCacheHost3}" />
		<constructor-arg index="1" value="${redisCachePort}" />
		<constructor-arg index="2" value="${redisTimeout}" />
		<constructor-arg index="3" value="${redisCacheName3}" />
	</bean>
	
	<bean id="jedis.shardInfo4" class="redis.clients.jedis.JedisShardInfo">
		<constructor-arg index="0" value="${redisCacheHost4}" />
		<constructor-arg index="1" value="${redisCachePort}" />
		<constructor-arg index="2" value="${redisTimeout}" />
		<constructor-arg index="3" value="${redisCacheName4}" />
	</bean>
	
	<bean id="jedis.shardInfo5" class="redis.clients.jedis.JedisShardInfo">
		<constructor-arg index="0" value="${redisCacheHost5}" />
		<constructor-arg index="1" value="${redisCachePort}" />
		<constructor-arg index="2" value="${redisTimeout}" />
		<constructor-arg index="3" value="${redisCacheName5}" />
	</bean>
	
	<bean id="jedis.shardInfo6" class="redis.clients.jedis.JedisShardInfo">
		<constructor-arg index="0" value="${redisCacheHost6}" />
		<constructor-arg index="1" value="${redisCachePort}" />
		<constructor-arg index="2" value="${redisTimeout}" />
		<constructor-arg index="3" value="${redisCacheName6}" />
	</bean>

	<bean id="shardedJedisPool" class="redis.clients.jedis.ShardedJedisPool">
		<constructor-arg index="0" ref="jedisPoolConfig" />
		<constructor-arg index="1">
			<list>
				<ref bean="jedis.shardInfo1" />
				<ref bean="jedis.shardInfo2" />
				<ref bean="jedis.shardInfo3" />
				<ref bean="jedis.shardInfo4" />
				<ref bean="jedis.shardInfo5" />
				<ref bean="jedis.shardInfo6" />
			</list>
		</constructor-arg>
	</bean>
	<!-- redis 配置 end ====================== -->
    
</beans>