<?xml version="1.0" encoding="UTF-8"?>
<beans xmlns="http://www.springframework.org/schema/beans"
	xmlns:xsi="http://www.w3.org/2001/XMLSchema-instance" xmlns:context="http://www.springframework.org/schema/context"
	xmlns:mongo="http://www.springframework.org/schema/data/mongo"
	xmlns:aop="http://www.springframework.org/schema/aop" xmlns:tx="http://www.springframework.org/schema/tx"
	xsi:schemaLocation="http://www.springframework.org/schema/beans
           http://www.springframework.org/schema/beans/spring-beans-3.0.xsd
           http://www.springframework.org/schema/context
           http://www.springframework.org/schema/context/spring-context-3.0.xsd
           http://www.springframework.org/schema/data/mongo
           http://www.springframework.org/schema/data/mongo/spring-mongo-1.0.xsd
           http://www.springframework.org/schema/aop http://www.springframework.org/schema/aop/spring-aop-3.0.xsd
           http://www.springframework.org/schema/tx http://www.springframework.org/schema/tx/spring-tx-3.0.xsd"
	default-autowire="byType">
	<context:component-scan base-package="com.wenwo" />
	<context:property-placeholder location="classpath:server.properties" />
	
	<bean class="org.springframework.beans.factory.config.CustomEditorConfigurer">
		<property name="customEditors">
			<map>
				<entry key="java.net.SocketAddress">
					<bean class="org.apache.mina.integration.beans.InetSocketAddressEditor" />
				</entry>
			</map>
		</property>
	</bean>

	<bean id="bossThreadPool" class="java.util.concurrent.Executors" factory-method="newCachedThreadPool" />
	<bean id="workerThreadPool" class="java.util.concurrent.Executors" factory-method="newCachedThreadPool" />

	<bean id="AndroidMessageServer" class="com.wenwo.server.core.AndroidMessageServer" init-method="startup">
		<constructor-arg index="0" ref="channelFactory" />
		<constructor-arg index="1" ref="channelPipelineFactory" />
		<constructor-arg index="2" value=":${front.port}" />
	</bean>

	<bean id="channelFactory" class="org.jboss.netty.channel.socket.nio.NioServerSocketChannelFactory">
		<constructor-arg index="0" ref="bossThreadPool" />
		<constructor-arg index="1" ref="workerThreadPool" />
		<constructor-arg index="2" value="${workerThreads}" />
	</bean>
	<bean id="channelPipelineFactory" class="com.wenwo.server.core.HttpServerChannelPipelineFactory">
		<constructor-arg index="0" ref="channelHandler" />
	</bean>

	<bean id="channelHandler" class="com.wenwo.server.core.HttpServerChannelHandler">
		<property name="messageService" ref="messageService"/>
	</bean>

	<bean id="missianFactory" class="com.missian.client.sync.SyncMissianProxyFactory">
		<constructor-arg index="0">
			<bean class="com.missian.client.NetworkConfig">
				<property name="readTimeout" value="60000" />
				<property name="connectTimeout" value="60000" />
				<property name="receiveBufferSize" value="2048" />
			</bean>
		</constructor-arg>
	</bean>
	
	<bean id="messageService" factory-bean="missianFactory" factory-method="create">
		<constructor-arg index="0" value="com.wenwo.message.api.IMessageService" type="java.lang.Class"/>
		<constructor-arg index="1" value="${message.system.server}/messageService"/>
	</bean>
	<!-- <bean class="org.springframework.beans.factory.config.CustomEditorConfigurer ">
		<property name="customEditors">
			<map>
				<entry key="java.net.SocketAddress">
					<bean class="org.apache.mina.integration.beans.InetSocketAddressEditor" />
				</entry>
			</map>
		</property>
	</bean> -->

</beans>