<?xml version="1.0" encoding="UTF-8"?>
<beans xmlns="http://www.springframework.org/schema/beans"
	xmlns:xsi="http://www.w3.org/2001/XMLSchema-instance" xmlns:context="http://www.springframework.org/schema/context"
	xmlns:mongo="http://www.springframework.org/schema/data/mongo"
	xmlns:util="http://www.springframework.org/schema/util"
	xsi:schemaLocation="http://www.springframework.org/schema/context
          http://www.springframework.org/schema/context/spring-context-3.1.xsd
          http://www.springframework.org/schema/data/mongo
          http://www.springframework.org/schema/data/mongo/spring-mongo-1.1.xsd 
          http://www.springframework.org/schema/util
          http://www.springframework.org/schema/util/spring-util-3.0.xsd
          http://www.springframework.org/schema/beans
          http://www.springframework.org/schema/beans/spring-beans-3.1.xsd"
	default-autowire="byName">

    <!-- 60数据库 -->
	<mongo:mongo host="${mongo.host}" port="${mongo.port}" write-concern="JOURNAL_SAFE">
		<mongo:options connections-per-host="${mongo.connectionsPerHost}"
			threads-allowed-to-block-for-connection-multiplier="${mongo.threadsAllowedToBlockForConnectionMultiplier}"
			connect-timeout="${mongo.connectTimeout}" max-wait-time="${mongo.maxWaitTime}"
			auto-connect-retry="${mongo.autoConnectRetry}" socket-keep-alive="${mongo.socketKeepAlive}"
			socket-timeout="${mongo.socketTimeout}" slave-ok="${mongo.slaveOk}"
			write-number="1" write-timeout="0" write-fsync="false"  />
	</mongo:mongo>

	<mongo:db-factory id="messageDbFactory" dbname="messages" mongo-ref="mongo" />

	<!-- <bean id="mongoTemplate" class="com.wenwo.platform.dao.util.WenwoMongoTemplate">
		<constructor-arg name="mongoDbFactory" ref="mongoDbFactory" />
		<property name="readPreference" ref="nearestReadPreference"></property>  
	</bean>
	
	<bean id="nearestReadPreference" class="com.mongodb.TaggableReadPreference.NearestReadPreference">
	</bean> -->
	<bean id="mongoTemplate" class="org.springframework.data.mongodb.core.WenwoMongoTemplate">
		<constructor-arg name="mongoDbFactory" ref="messageDbFactory" />
		<property name="readPreference" ref="secondaryPreferredReadPreference"></property>  
	</bean>
	
	<bean id="secondaryPreferredReadPreference" class="com.mongodb.TaggableReadPreference.SecondaryPreferredReadPreference">
	</bean>
	
	<bean id="platformMongoUtil" class="com.wenwo.message.utils.PlatformMongoUtil">
		<property name="mongoUtil" ref="mongoUtil" />
	</bean>
	
</beans>